pathway	pathway_rn	pathway_label	model_id	organism	status	model_reactions	model_metabolites	kegg_reactions	kgml_reactions_omitted	matched_reactions	unmatched_reactions	reaction_retention_percent	matched_metabolites	unmatched_metabolites	metabolite_retention_percent	map_json	summary_json
map00010	rn00010	Glycolysis / gluconeogenesis	iAF1260	Escherichia coli str. K-12 substr. MG1655	built	2382	1668	56		40	16	71.43	19	12	61.29	outputs\bigg_prokaryote_bioemma\maps\map00010\iAF1260\iAF1260_map00010_map.json	outputs\bigg_prokaryote_bioemma\maps\map00010\iAF1260\summary.json
map00020	rn00020	Citrate cycle (TCA cycle)	iAF1260	Escherichia coli str. K-12 substr. MG1655	built	2382	1668	29		22	7	75.86	13	7	65.0	outputs\bigg_prokaryote_bioemma\maps\map00020\iAF1260\iAF1260_map00020_map.json	outputs\bigg_prokaryote_bioemma\maps\map00020\iAF1260\summary.json
map00030	rn00030	Pentose phosphate pathway	iAF1260	Escherichia coli str. K-12 substr. MG1655	built	2382	1668	58	R06837	34	24	58.62	26	11	70.27	outputs\bigg_prokaryote_bioemma\maps\map00030\iAF1260\iAF1260_map00030_map.json	outputs\bigg_prokaryote_bioemma\maps\map00030\iAF1260\summary.json
map00680	rn00680	Methane metabolism / C1 metabolism	iAF1260	Escherichia coli str. K-12 substr. MG1655	built	2382	1668	104	R08323, R08328, R10397	31	73	29.81	35	51	40.7	outputs\bigg_prokaryote_bioemma\maps\map00680\iAF1260\iAF1260_map00680_map.json	outputs\bigg_prokaryote_bioemma\maps\map00680\iAF1260\summary.json
map00010	rn00010	Glycolysis / gluconeogenesis	iAF1260b	Escherichia coli str. K-12 substr. MG1655	built	2388	1668	56		40	16	71.43	19	12	61.29	outputs\bigg_prokaryote_bioemma\maps\map00010\iAF1260b\iAF1260b_map00010_map.json	outputs\bigg_prokaryote_bioemma\maps\map00010\iAF1260b\summary.json
map00020	rn00020	Citrate cycle (TCA cycle)	iAF1260b	Escherichia coli str. K-12 substr. MG1655	built	2388	1668	29		22	7	75.86	13	7	65.0	outputs\bigg_prokaryote_bioemma\maps\map00020\iAF1260b\iAF1260b_map00020_map.json	outputs\bigg_prokaryote_bioemma\maps\map00020\iAF1260b\summary.json
map00030	rn00030	Pentose phosphate pathway	iAF1260b	Escherichia coli str. K-12 substr. MG1655	built	2388	1668	58	R06837	34	24	58.62	26	11	70.27	outputs\bigg_prokaryote_bioemma\maps\map00030\iAF1260b\iAF1260b_map00030_map.json	outputs\bigg_prokaryote_bioemma\maps\map00030\iAF1260b\summary.json
map00680	rn00680	Methane metabolism / C1 metabolism	iAF1260b	Escherichia coli str. K-12 substr. MG1655	built	2388	1668	104	R08323, R08328, R10397	31	73	29.81	35	51	40.7	outputs\bigg_prokaryote_bioemma\maps\map00680\iAF1260b\iAF1260b_map00680_map.json	outputs\bigg_prokaryote_bioemma\maps\map00680\iAF1260b\summary.json
map00010	rn00010	Glycolysis / gluconeogenesis	iAPECO1_1312	Escherichia coli APEC O1	built	2735	1942	56		41	15	73.21	22	9	70.97	outputs\bigg_prokaryote_bioemma\maps\map00010\iAPECO1_1312\iAPECO1_1312_map00010_map.json	outputs\bigg_prokaryote_bioemma\maps\map00010\iAPECO1_1312\summary.json
map00020	rn00020	Citrate cycle (TCA cycle)	iAPECO1_1312	Escherichia coli APEC O1	built	2735	1942	29		23	6	79.31	13	7	65.0	outputs\bigg_prokaryote_bioemma\maps\map00020\iAPECO1_1312\iAPECO1_1312_map00020_map.json	outputs\bigg_prokaryote_bioemma\maps\map00020\iAPECO1_1312\summary.json
map00030	rn00030	Pentose phosphate pathway	iAPECO1_1312	Escherichia coli APEC O1	built	2735	1942	58	R06837	34	24	58.62	26	11	70.27	outputs\bigg_prokaryote_bioemma\maps\map00030\iAPECO1_1312\iAPECO1_1312_map00030_map.json	outputs\bigg_prokaryote_bioemma\maps\map00030\iAPECO1_1312\summary.json
map00680	rn00680	Methane metabolism / C1 metabolism	iAPECO1_1312	Escherichia coli APEC O1	built	2735	1942	104	R08323, R08328, R10397	32	72	30.77	36	50	41.86	outputs\bigg_prokaryote_bioemma\maps\map00680\iAPECO1_1312\iAPECO1_1312_map00680_map.json	outputs\bigg_prokaryote_bioemma\maps\map00680\iAPECO1_1312\summary.json
map00010	rn00010	Glycolysis / gluconeogenesis	iB21_1397	Escherichia coli BL21(DE3)	built	2741	1943	56		41	15	73.21	21	10	67.74	outputs\bigg_prokaryote_bioemma\maps\map00010\iB21_1397\iB21_1397_map00010_map.json	outputs\bigg_prokaryote_bioemma\maps\map00010\iB21_1397\summary.json
map00020	rn00020	Citrate cycle (TCA cycle)	iB21_1397	Escherichia coli BL21(DE3)	built	2741	1943	29		23	6	79.31	13	7	65.0	outputs\bigg_prokaryote_bioemma\maps\map00020\iB21_1397\iB21_1397_map00020_map.json	outputs\bigg_prokaryote_bioemma\maps\map00020\iB21_1397\summary.json
map00030	rn00030	Pentose phosphate pathway	iB21_1397	Escherichia coli BL21(DE3)	built	2741	1943	58	R06837	33	25	56.9	26	11	70.27	outputs\bigg_prokaryote_bioemma\maps\map00030\iB21_1397\iB21_1397_map00030_map.json	outputs\bigg_prokaryote_bioemma\maps\map00030\iB21_1397\summary.json
map00680	rn00680	Methane metabolism / C1 metabolism	iB21_1397	Escherichia coli BL21(DE3)	built	2741	1943	104	R08323, R08328, R10397	32	72	30.77	36	50	41.86	outputs\bigg_prokaryote_bioemma\maps\map00680\iB21_1397\iB21_1397_map00680_map.json	outputs\bigg_prokaryote_bioemma\maps\map00680\iB21_1397\summary.json
map00010	rn00010	Glycolysis / gluconeogenesis	iBWG_1329	Escherichia coli BW2952	built	2741	1949	56		41	15	73.21	21	10	67.74	outputs\bigg_prokaryote_bioemma\maps\map00010\iBWG_1329\iBWG_1329_map00010_map.json	outputs\bigg_prokaryote_bioemma\maps\map00010\iBWG_1329\summary.json
map00020	rn00020	Citrate cycle (TCA cycle)	iBWG_1329	Escherichia coli BW2952	built	2741	1949	29		23	6	79.31	13	7	65.0	outputs\bigg_prokaryote_bioemma\maps\map00020\iBWG_1329\iBWG_1329_map00020_map.json	outputs\bigg_prokaryote_bioemma\maps\map00020\iBWG_1329\summary.json
map00030	rn00030	Pentose phosphate pathway	iBWG_1329	Escherichia coli BW2952	built	2741	1949	58	R06837	34	24	58.62	26	11	70.27	outputs\bigg_prokaryote_bioemma\maps\map00030\iBWG_1329\iBWG_1329_map00030_map.json	outputs\bigg_prokaryote_bioemma\maps\map00030\iBWG_1329\summary.json
map00680	rn00680	Methane metabolism / C1 metabolism	iBWG_1329	Escherichia coli BW2952	built	2741	1949	104	R08323, R08328, R10397	32	72	30.77	36	50	41.86	outputs\bigg_prokaryote_bioemma\maps\map00680\iBWG_1329\iBWG_1329_map00680_map.json	outputs\bigg_prokaryote_bioemma\maps\map00680\iBWG_1329\summary.json
map00010	rn00010	Glycolysis / gluconeogenesis	ic_1306	Escherichia coli CFT073	built	2726	1936	56		41	15	73.21	22	9	70.97	outputs\bigg_prokaryote_bioemma\maps\map00010\ic_1306\ic_1306_map00010_map.json	outputs\bigg_prokaryote_bioemma\maps\map00010\ic_1306\summary.json
map00020	rn00020	Citrate cycle (TCA cycle)	ic_1306	Escherichia coli CFT073	built	2726	1936	29		23	6	79.31	13	7	65.0	outputs\bigg_prokaryote_bioemma\maps\map00020\ic_1306\ic_1306_map00020_map.json	outputs\bigg_prokaryote_bioemma\maps\map00020\ic_1306\summary.json
map00030	rn00030	Pentose phosphate pathway	ic_1306	Escherichia coli CFT073	built	2726	1936	58	R06837	34	24	58.62	26	11	70.27	outputs\bigg_prokaryote_bioemma\maps\map00030\ic_1306\ic_1306_map00030_map.json	outputs\bigg_prokaryote_bioemma\maps\map00030\ic_1306\summary.json
map00680	rn00680	Methane metabolism / C1 metabolism	ic_1306	Escherichia coli CFT073	built	2726	1936	104	R08323, R08328, R10397	32	72	30.77	36	50	41.86	outputs\bigg_prokaryote_bioemma\maps\map00680\ic_1306\ic_1306_map00680_map.json	outputs\bigg_prokaryote_bioemma\maps\map00680\ic_1306\summary.json
map00010	rn00010	Glycolysis / gluconeogenesis	iE2348C_1286	Escherichia coli O127:H6 str. E2348/69	built	2703	1919	56		41	15	73.21	21	10	67.74	outputs\bigg_prokaryote_bioemma\maps\map00010\iE2348C_1286\iE2348C_1286_map00010_map.json	outputs\bigg_prokaryote_bioemma\maps\map00010\iE2348C_1286\summary.json
map00020	rn00020	Citrate cycle (TCA cycle)	iE2348C_1286	Escherichia coli O127:H6 str. E2348/69	built	2703	1919	29		23	6	79.31	13	7	65.0	outputs\bigg_prokaryote_bioemma\maps\map00020\iE2348C_1286\iE2348C_1286_map00020_map.json	outputs\bigg_prokaryote_bioemma\maps\map00020\iE2348C_1286\summary.json
map00030	rn00030	Pentose phosphate pathway	iE2348C_1286	Escherichia coli O127:H6 str. E2348/69	built	2703	1919	58	R06837	33	25	56.9	26	11	70.27	outputs\bigg_prokaryote_bioemma\maps\map00030\iE2348C_1286\iE2348C_1286_map00030_map.json	outputs\bigg_prokaryote_bioemma\maps\map00030\iE2348C_1286\summary.json
map00680	rn00680	Methane metabolism / C1 metabolism	iE2348C_1286	Escherichia coli O127:H6 str. E2348/69	built	2703	1919	104	R08323, R08328, R10397	32	72	30.77	36	50	41.86	outputs\bigg_prokaryote_bioemma\maps\map00680\iE2348C_1286\iE2348C_1286_map00680_map.json	outputs\bigg_prokaryote_bioemma\maps\map00680\iE2348C_1286\summary.json
map00010	rn00010	Glycolysis / gluconeogenesis	iEC042_1314	Escherichia coli 042	built	2714	1926	56		41	15	73.21	21	10	67.74	outputs\bigg_prokaryote_bioemma\maps\map00010\iEC042_1314\iEC042_1314_map00010_map.json	outputs\bigg_prokaryote_bioemma\maps\map00010\iEC042_1314\summary.json
map00020	rn00020	Citrate cycle (TCA cycle)	iEC042_1314	Escherichia coli 042	built	2714	1926	29		23	6	79.31	13	7	65.0	outputs\bigg_prokaryote_bioemma\maps\map00020\iEC042_1314\iEC042_1314_map00020_map.json	outputs\bigg_prokaryote_bioemma\maps\map00020\iEC042_1314\summary.json
map00030	rn00030	Pentose phosphate pathway	iEC042_1314	Escherichia coli 042	built	2714	1926	58	R06837	34	24	58.62	26	11	70.27	outputs\bigg_prokaryote_bioemma\maps\map00030\iEC042_1314\iEC042_1314_map00030_map.json	outputs\bigg_prokaryote_bioemma\maps\map00030\iEC042_1314\summary.json
map00680	rn00680	Methane metabolism / C1 metabolism	iEC042_1314	Escherichia coli 042	built	2714	1926	104	R08323, R08328, R10397	32	72	30.77	36	50	41.86	outputs\bigg_prokaryote_bioemma\maps\map00680\iEC042_1314\iEC042_1314_map00680_map.json	outputs\bigg_prokaryote_bioemma\maps\map00680\iEC042_1314\summary.json
map00010	rn00010	Glycolysis / gluconeogenesis	iEC1344_C	Escherichia coli C	built	2726	1934	56		41	15	73.21	21	10	67.74	outputs\bigg_prokaryote_bioemma\maps\map00010\iEC1344_C\iEC1344_C_map00010_map.json	outputs\bigg_prokaryote_bioemma\maps\map00010\iEC1344_C\summary.json
map00020	rn00020	Citrate cycle (TCA cycle)	iEC1344_C	Escherichia coli C	built	2726	1934	29		22	7	75.86	13	7	65.0	outputs\bigg_prokaryote_bioemma\maps\map00020\iEC1344_C\iEC1344_C_map00020_map.json	outputs\bigg_prokaryote_bioemma\maps\map00020\iEC1344_C\summary.json
map00030	rn00030	Pentose phosphate pathway	iEC1344_C	Escherichia coli C	built	2726	1934	58	R06837	34	24	58.62	26	11	70.27	outputs\bigg_prokaryote_bioemma\maps\map00030\iEC1344_C\iEC1344_C_map00030_map.json	outputs\bigg_prokaryote_bioemma\maps\map00030\iEC1344_C\summary.json
map00680	rn00680	Methane metabolism / C1 metabolism	iEC1344_C	Escherichia coli C	built	2726	1934	104	R08323, R08328, R10397	31	73	29.81	37	49	43.02	outputs\bigg_prokaryote_bioemma\maps\map00680\iEC1344_C\iEC1344_C_map00680_map.json	outputs\bigg_prokaryote_bioemma\maps\map00680\iEC1344_C\summary.json
map00010	rn00010	Glycolysis / gluconeogenesis	iEC1349_Crooks	Escherichia coli ATCC 8739	built	2756	1946	56		40	16	71.43	21	10	67.74	outputs\bigg_prokaryote_bioemma\maps\map00010\iEC1349_Crooks\iEC1349_Crooks_map00010_map.json	outputs\bigg_prokaryote_bioemma\maps\map00010\iEC1349_Crooks\summary.json
map00020	rn00020	Citrate cycle (TCA cycle)	iEC1349_Crooks	Escherichia coli ATCC 8739	built	2756	1946	29		22	7	75.86	13	7	65.0	outputs\bigg_prokaryote_bioemma\maps\map00020\iEC1349_Crooks\iEC1349_Crooks_map00020_map.json	outputs\bigg_prokaryote_bioemma\maps\map00020\iEC1349_Crooks\summary.json
map00030	rn00030	Pentose phosphate pathway	iEC1349_Crooks	Escherichia coli ATCC 8739	built	2756	1946	58	R06837	34	24	58.62	26	11	70.27	outputs\bigg_prokaryote_bioemma\maps\map00030\iEC1349_Crooks\iEC1349_Crooks_map00030_map.json	outputs\bigg_prokaryote_bioemma\maps\map00030\iEC1349_Crooks\summary.json
map00680	rn00680	Methane metabolism / C1 metabolism	iEC1349_Crooks	Escherichia coli ATCC 8739	built	2756	1946	104	R08323, R08328, R10397	32	72	30.77	37	49	43.02	outputs\bigg_prokaryote_bioemma\maps\map00680\iEC1349_Crooks\iEC1349_Crooks_map00680_map.json	outputs\bigg_prokaryote_bioemma\maps\map00680\iEC1349_Crooks\summary.json
map00010	rn00010	Glycolysis / gluconeogenesis	iEC1356_Bl21DE3	Escherichia coli BL21(DE3)	built	2740	1918	56		41	15	73.21	21	10	67.74	outputs\bigg_prokaryote_bioemma\maps\map00010\iEC1356_Bl21DE3\iEC1356_Bl21DE3_map00010_map.json	outputs\bigg_prokaryote_bioemma\maps\map00010\iEC1356_Bl21DE3\summary.json
map00020	rn00020	Citrate cycle (TCA cycle)	iEC1356_Bl21DE3	Escherichia coli BL21(DE3)	built	2740	1918	29		22	7	75.86	13	7	65.0	outputs\bigg_prokaryote_bioemma\maps\map00020\iEC1356_Bl21DE3\iEC1356_Bl21DE3_map00020_map.json	outputs\bigg_prokaryote_bioemma\maps\map00020\iEC1356_Bl21DE3\summary.json
map00030	rn00030	Pentose phosphate pathway	iEC1356_Bl21DE3	Escherichia coli BL21(DE3)	built	2740	1918	58	R06837	33	25	56.9	26	11	70.27	outputs\bigg_prokaryote_bioemma\maps\map00030\iEC1356_Bl21DE3\iEC1356_Bl21DE3_map00030_map.json	outputs\bigg_prokaryote_bioemma\maps\map00030\iEC1356_Bl21DE3\summary.json
map00680	rn00680	Methane metabolism / C1 metabolism	iEC1356_Bl21DE3	Escherichia coli BL21(DE3)	built	2740	1918	104	R08323, R08328, R10397	31	73	29.81	36	50	41.86	outputs\bigg_prokaryote_bioemma\maps\map00680\iEC1356_Bl21DE3\iEC1356_Bl21DE3_map00680_map.json	outputs\bigg_prokaryote_bioemma\maps\map00680\iEC1356_Bl21DE3\summary.json
map00010	rn00010	Glycolysis / gluconeogenesis	iEC1364_W	Escherichia coli W	built	2764	1927	56		41	15	73.21	22	9	70.97	outputs\bigg_prokaryote_bioemma\maps\map00010\iEC1364_W\iEC1364_W_map00010_map.json	outputs\bigg_prokaryote_bioemma\maps\map00010\iEC1364_W\summary.json
map00020	rn00020	Citrate cycle (TCA cycle)	iEC1364_W	Escherichia coli W	built	2764	1927	29		22	7	75.86	13	7	65.0	outputs\bigg_prokaryote_bioemma\maps\map00020\iEC1364_W\iEC1364_W_map00020_map.json	outputs\bigg_prokaryote_bioemma\maps\map00020\iEC1364_W\summary.json
map00030	rn00030	Pentose phosphate pathway	iEC1364_W	Escherichia coli W	built	2764	1927	58	R06837	34	24	58.62	27	10	72.97	outputs\bigg_prokaryote_bioemma\maps\map00030\iEC1364_W\iEC1364_W_map00030_map.json	outputs\bigg_prokaryote_bioemma\maps\map00030\iEC1364_W\summary.json
map00680	rn00680	Methane metabolism / C1 metabolism	iEC1364_W	Escherichia coli W	built	2764	1927	104	R08323, R08328, R10397	31	73	29.81	36	50	41.86	outputs\bigg_prokaryote_bioemma\maps\map00680\iEC1364_W\iEC1364_W_map00680_map.json	outputs\bigg_prokaryote_bioemma\maps\map00680\iEC1364_W\summary.json
map00010	rn00010	Glycolysis / gluconeogenesis	iEC1368_DH5a	Escherichia coli DH5[alpha]	built	2779	1951	56		41	15	73.21	21	10	67.74	outputs\bigg_prokaryote_bioemma\maps\map00010\iEC1368_DH5a\iEC1368_DH5a_map00010_map.json	outputs\bigg_prokaryote_bioemma\maps\map00010\iEC1368_DH5a\summary.json
map00020	rn00020	Citrate cycle (TCA cycle)	iEC1368_DH5a	Escherichia coli DH5[alpha]	built	2779	1951	29		22	7	75.86	13	7	65.0	outputs\bigg_prokaryote_bioemma\maps\map00020\iEC1368_DH5a\iEC1368_DH5a_map00020_map.json	outputs\bigg_prokaryote_bioemma\maps\map00020\iEC1368_DH5a\summary.json
map00030	rn00030	Pentose phosphate pathway	iEC1368_DH5a	Escherichia coli DH5[alpha]	built	2779	1951	58	R06837	34	24	58.62	26	11	70.27	outputs\bigg_prokaryote_bioemma\maps\map00030\iEC1368_DH5a\iEC1368_DH5a_map00030_map.json	outputs\bigg_prokaryote_bioemma\maps\map00030\iEC1368_DH5a\summary.json
map00680	rn00680	Methane metabolism / C1 metabolism	iEC1368_DH5a	Escherichia coli DH5[alpha]	built	2779	1951	104	R08323, R08328, R10397	31	73	29.81	37	49	43.02	outputs\bigg_prokaryote_bioemma\maps\map00680\iEC1368_DH5a\iEC1368_DH5a_map00680_map.json	outputs\bigg_prokaryote_bioemma\maps\map00680\iEC1368_DH5a\summary.json
map00010	rn00010	Glycolysis / gluconeogenesis	iEC1372_W3110	Escherichia coli str. K-12 substr. W3110	built	2758	1918	56		40	16	71.43	21	10	67.74	outputs\bigg_prokaryote_bioemma\maps\map00010\iEC1372_W3110\iEC1372_W3110_map00010_map.json	outputs\bigg_prokaryote_bioemma\maps\map00010\iEC1372_W3110\summary.json
map00020	rn00020	Citrate cycle (TCA cycle)	iEC1372_W3110	Escherichia coli str. K-12 substr. W3110	built	2758	1918	29		22	7	75.86	13	7	65.0	outputs\bigg_prokaryote_bioemma\maps\map00020\iEC1372_W3110\iEC1372_W3110_map00020_map.json	outputs\bigg_prokaryote_bioemma\maps\map00020\iEC1372_W3110\summary.json
map00030	rn00030	Pentose phosphate pathway	iEC1372_W3110	Escherichia coli str. K-12 substr. W3110	built	2758	1918	58	R06837	34	24	58.62	26	11	70.27	outputs\bigg_prokaryote_bioemma\maps\map00030\iEC1372_W3110\iEC1372_W3110_map00030_map.json	outputs\bigg_prokaryote_bioemma\maps\map00030\iEC1372_W3110\summary.json
map00680	rn00680	Methane metabolism / C1 metabolism	iEC1372_W3110	Escherichia coli str. K-12 substr. W3110	built	2758	1918	104	R08323, R08328, R10397	31	73	29.81	36	50	41.86	outputs\bigg_prokaryote_bioemma\maps\map00680\iEC1372_W3110\iEC1372_W3110_map00680_map.json	outputs\bigg_prokaryote_bioemma\maps\map00680\iEC1372_W3110\summary.json
map00010	rn00010	Glycolysis / gluconeogenesis	iEC55989_1330	Escherichia coli 55989	built	2756	1953	56		41	15	73.21	22	9	70.97	outputs\bigg_prokaryote_bioemma\maps\map00010\iEC55989_1330\iEC55989_1330_map00010_map.json	outputs\bigg_prokaryote_bioemma\maps\map00010\iEC55989_1330\summary.json
map00020	rn00020	Citrate cycle (TCA cycle)	iEC55989_1330	Escherichia coli 55989	built	2756	1953	29		23	6	79.31	13	7	65.0	outputs\bigg_prokaryote_bioemma\maps\map00020\iEC55989_1330\iEC55989_1330_map00020_map.json	outputs\bigg_prokaryote_bioemma\maps\map00020\iEC55989_1330\summary.json
map00030	rn00030	Pentose phosphate pathway	iEC55989_1330	Escherichia coli 55989	built	2756	1953	58	R06837	34	24	58.62	26	11	70.27	outputs\bigg_prokaryote_bioemma\maps\map00030\iEC55989_1330\iEC55989_1330_map00030_map.json	outputs\bigg_prokaryote_bioemma\maps\map00030\iEC55989_1330\summary.json
map00680	rn00680	Methane metabolism / C1 metabolism	iEC55989_1330	Escherichia coli 55989	built	2756	1953	104	R08323, R08328, R10397	32	72	30.77	36	50	41.86	outputs\bigg_prokaryote_bioemma\maps\map00680\iEC55989_1330\iEC55989_1330_map00680_map.json	outputs\bigg_prokaryote_bioemma\maps\map00680\iEC55989_1330\summary.json
map00010	rn00010	Glycolysis / gluconeogenesis	iECABU_c1320	Escherichia coli ABU 83972	built	2731	1942	56		41	15	73.21	22	9	70.97	outputs\bigg_prokaryote_bioemma\maps\map00010\iECABU_c1320\iECABU_c1320_map00010_map.json	outputs\bigg_prokaryote_bioemma\maps\map00010\iECABU_c1320\summary.json
map00020	rn00020	Citrate cycle (TCA cycle)	iECABU_c1320	Escherichia coli ABU 83972	built	2731	1942	29		23	6	79.31	13	7	65.0	outputs\bigg_prokaryote_bioemma\maps\map00020\iECABU_c1320\iECABU_c1320_map00020_map.json	outputs\bigg_prokaryote_bioemma\maps\map00020\iECABU_c1320\summary.json
map00030	rn00030	Pentose phosphate pathway	iECABU_c1320	Escherichia coli ABU 83972	built	2731	1942	58	R06837	34	24	58.62	26	11	70.27	outputs\bigg_prokaryote_bioemma\maps\map00030\iECABU_c1320\iECABU_c1320_map00030_map.json	outputs\bigg_prokaryote_bioemma\maps\map00030\iECABU_c1320\summary.json
map00680	rn00680	Methane metabolism / C1 metabolism	iECABU_c1320	Escherichia coli ABU 83972	built	2731	1942	104	R08323, R08328, R10397	32	72	30.77	36	50	41.86	outputs\bigg_prokaryote_bioemma\maps\map00680\iECABU_c1320\iECABU_c1320_map00680_map.json	outputs\bigg_prokaryote_bioemma\maps\map00680\iECABU_c1320\summary.json
map00010	rn00010	Glycolysis / gluconeogenesis	iECB_1328	Escherichia coli B str. REL606	built	2748	1951	56		41	15	73.21	21	10	67.74	outputs\bigg_prokaryote_bioemma\maps\map00010\iECB_1328\iECB_1328_map00010_map.json	outputs\bigg_prokaryote_bioemma\maps\map00010\iECB_1328\summary.json
map00020	rn00020	Citrate cycle (TCA cycle)	iECB_1328	Escherichia coli B str. REL606	built	2748	1951	29		23	6	79.31	13	7	65.0	outputs\bigg_prokaryote_bioemma\maps\map00020\iECB_1328\iECB_1328_map00020_map.json	outputs\bigg_prokaryote_bioemma\maps\map00020\iECB_1328\summary.json
map00030	rn00030	Pentose phosphate pathway	iECB_1328	Escherichia coli B str. REL606	built	2748	1951	58	R06837	34	24	58.62	26	11	70.27	outputs\bigg_prokaryote_bioemma\maps\map00030\iECB_1328\iECB_1328_map00030_map.json	outputs\bigg_prokaryote_bioemma\maps\map00030\iECB_1328\summary.json
map00680	rn00680	Methane metabolism / C1 metabolism	iECB_1328	Escherichia coli B str. REL606	built	2748	1951	104	R08323, R08328, R10397	32	72	30.77	36	50	41.86	outputs\bigg_prokaryote_bioemma\maps\map00680\iECB_1328\iECB_1328_map00680_map.json	outputs\bigg_prokaryote_bioemma\maps\map00680\iECB_1328\summary.json
map00010	rn00010	Glycolysis / gluconeogenesis	iECBD_1354	Escherichia coli 'BL21-Gold(DE3)pLysS AG'	built	2748	1952	56		41	15	73.21	21	10	67.74	outputs\bigg_prokaryote_bioemma\maps\map00010\iECBD_1354\iECBD_1354_map00010_map.json	outputs\bigg_prokaryote_bioemma\maps\map00010\iECBD_1354\summary.json
map00020	rn00020	Citrate cycle (TCA cycle)	iECBD_1354	Escherichia coli 'BL21-Gold(DE3)pLysS AG'	built	2748	1952	29		23	6	79.31	13	7	65.0	outputs\bigg_prokaryote_bioemma\maps\map00020\iECBD_1354\iECBD_1354_map00020_map.json	outputs\bigg_prokaryote_bioemma\maps\map00020\iECBD_1354\summary.json
map00030	rn00030	Pentose phosphate pathway	iECBD_1354	Escherichia coli 'BL21-Gold(DE3)pLysS AG'	built	2748	1952	58	R06837	33	25	56.9	26	11	70.27	outputs\bigg_prokaryote_bioemma\maps\map00030\iECBD_1354\iECBD_1354_map00030_map.json	outputs\bigg_prokaryote_bioemma\maps\map00030\iECBD_1354\summary.json
map00680	rn00680	Methane metabolism / C1 metabolism	iECBD_1354	Escherichia coli 'BL21-Gold(DE3)pLysS AG'	built	2748	1952	104	R08323, R08328, R10397	32	72	30.77	36	50	41.86	outputs\bigg_prokaryote_bioemma\maps\map00680\iECBD_1354\iECBD_1354_map00680_map.json	outputs\bigg_prokaryote_bioemma\maps\map00680\iECBD_1354\summary.json
map00010	rn00010	Glycolysis / gluconeogenesis	iECD_1391	Escherichia coli BL21(DE3)	built	2741	1943	56		41	15	73.21	21	10	67.74	outputs\bigg_prokaryote_bioemma\maps\map00010\iECD_1391\iECD_1391_map00010_map.json	outputs\bigg_prokaryote_bioemma\maps\map00010\iECD_1391\summary.json
map00020	rn00020	Citrate cycle (TCA cycle)	iECD_1391	Escherichia coli BL21(DE3)	built	2741	1943	29		23	6	79.31	13	7	65.0	outputs\bigg_prokaryote_bioemma\maps\map00020\iECD_1391\iECD_1391_map00020_map.json	outputs\bigg_prokaryote_bioemma\maps\map00020\iECD_1391\summary.json
map00030	rn00030	Pentose phosphate pathway	iECD_1391	Escherichia coli BL21(DE3)	built	2741	1943	58	R06837	33	25	56.9	26	11	70.27	outputs\bigg_prokaryote_bioemma\maps\map00030\iECD_1391\iECD_1391_map00030_map.json	outputs\bigg_prokaryote_bioemma\maps\map00030\iECD_1391\summary.json
map00680	rn00680	Methane metabolism / C1 metabolism	iECD_1391	Escherichia coli BL21(DE3)	built	2741	1943	104	R08323, R08328, R10397	32	72	30.77	36	50	41.86	outputs\bigg_prokaryote_bioemma\maps\map00680\iECD_1391\iECD_1391_map00680_map.json	outputs\bigg_prokaryote_bioemma\maps\map00680\iECD_1391\summary.json
map00010	rn00010	Glycolysis / gluconeogenesis	iECDH10B_1368	Escherichia coli str. K-12 substr. DH10B	built	2742	1947	56		41	15	73.21	21	10	67.74	outputs\bigg_prokaryote_bioemma\maps\map00010\iECDH10B_1368\iECDH10B_1368_map00010_map.json	outputs\bigg_prokaryote_bioemma\maps\map00010\iECDH10B_1368\summary.json
map00020	rn00020	Citrate cycle (TCA cycle)	iECDH10B_1368	Escherichia coli str. K-12 substr. DH10B	built	2742	1947	29		23	6	79.31	13	7	65.0	outputs\bigg_prokaryote_bioemma\maps\map00020\iECDH10B_1368\iECDH10B_1368_map00020_map.json	outputs\bigg_prokaryote_bioemma\maps\map00020\iECDH10B_1368\summary.json
map00030	rn00030	Pentose phosphate pathway	iECDH10B_1368	Escherichia coli str. K-12 substr. DH10B	built	2742	1947	58	R06837	34	24	58.62	26	11	70.27	outputs\bigg_prokaryote_bioemma\maps\map00030\iECDH10B_1368\iECDH10B_1368_map00030_map.json	outputs\bigg_prokaryote_bioemma\maps\map00030\iECDH10B_1368\summary.json
map00680	rn00680	Methane metabolism / C1 metabolism	iECDH10B_1368	Escherichia coli str. K-12 substr. DH10B	built	2742	1947	104	R08323, R08328, R10397	32	72	30.77	36	50	41.86	outputs\bigg_prokaryote_bioemma\maps\map00680\iECDH10B_1368\iECDH10B_1368_map00680_map.json	outputs\bigg_prokaryote_bioemma\maps\map00680\iECDH10B_1368\summary.json
map00010	rn00010	Glycolysis / gluconeogenesis	iEcDH1_1363	Escherichia coli DH1	built	2750	1949	56		41	15	73.21	21	10	67.74	outputs\bigg_prokaryote_bioemma\maps\map00010\iEcDH1_1363\iEcDH1_1363_map00010_map.json	outputs\bigg_prokaryote_bioemma\maps\map00010\iEcDH1_1363\summary.json
map00020	rn00020	Citrate cycle (TCA cycle)	iEcDH1_1363	Escherichia coli DH1	built	2750	1949	29		23	6	79.31	13	7	65.0	outputs\bigg_prokaryote_bioemma\maps\map00020\iEcDH1_1363\iEcDH1_1363_map00020_map.json	outputs\bigg_prokaryote_bioemma\maps\map00020\iEcDH1_1363\summary.json
map00030	rn00030	Pentose phosphate pathway	iEcDH1_1363	Escherichia coli DH1	built	2750	1949	58	R06837	34	24	58.62	26	11	70.27	outputs\bigg_prokaryote_bioemma\maps\map00030\iEcDH1_1363\iEcDH1_1363_map00030_map.json	outputs\bigg_prokaryote_bioemma\maps\map00030\iEcDH1_1363\summary.json
map00680	rn00680	Methane metabolism / C1 metabolism	iEcDH1_1363	Escherichia coli DH1	built	2750	1949	104	R08323, R08328, R10397	32	72	30.77	36	50	41.86	outputs\bigg_prokaryote_bioemma\maps\map00680\iEcDH1_1363\iEcDH1_1363_map00680_map.json	outputs\bigg_prokaryote_bioemma\maps\map00680\iEcDH1_1363\summary.json
map00010	rn00010	Glycolysis / gluconeogenesis	iECDH1ME8569_1439	Escherichia coli DH1	built	2755	1950	56		41	15	73.21	21	10	67.74	outputs\bigg_prokaryote_bioemma\maps\map00010\iECDH1ME8569_1439\iECDH1ME8569_1439_map00010_map.json	outputs\bigg_prokaryote_bioemma\maps\map00010\iECDH1ME8569_1439\summary.json
map00020	rn00020	Citrate cycle (TCA cycle)	iECDH1ME8569_1439	Escherichia coli DH1	built	2755	1950	29		23	6	79.31	13	7	65.0	outputs\bigg_prokaryote_bioemma\maps\map00020\iECDH1ME8569_1439\iECDH1ME8569_1439_map00020_map.json	outputs\bigg_prokaryote_bioemma\maps\map00020\iECDH1ME8569_1439\summary.json
map00030	rn00030	Pentose phosphate pathway	iECDH1ME8569_1439	Escherichia coli DH1	built	2755	1950	58	R06837	34	24	58.62	26	11	70.27	outputs\bigg_prokaryote_bioemma\maps\map00030\iECDH1ME8569_1439\iECDH1ME8569_1439_map00030_map.json	outputs\bigg_prokaryote_bioemma\maps\map00030\iECDH1ME8569_1439\summary.json
map00680	rn00680	Methane metabolism / C1 metabolism	iECDH1ME8569_1439	Escherichia coli DH1	built	2755	1950	104	R08323, R08328, R10397	32	72	30.77	36	50	41.86	outputs\bigg_prokaryote_bioemma\maps\map00680\iECDH1ME8569_1439\iECDH1ME8569_1439_map00680_map.json	outputs\bigg_prokaryote_bioemma\maps\map00680\iECDH1ME8569_1439\summary.json
map00010	rn00010	Glycolysis / gluconeogenesis	iEcE24377_1341	Escherichia coli O139:H28 str. E24377A	built	2763	1972	56		41	15	73.21	22	9	70.97	outputs\bigg_prokaryote_bioemma\maps\map00010\iEcE24377_1341\iEcE24377_1341_map00010_map.json	outputs\bigg_prokaryote_bioemma\maps\map00010\iEcE24377_1341\summary.json
map00020	rn00020	Citrate cycle (TCA cycle)	iEcE24377_1341	Escherichia coli O139:H28 str. E24377A	built	2763	1972	29		23	6	79.31	13	7	65.0	outputs\bigg_prokaryote_bioemma\maps\map00020\iEcE24377_1341\iEcE24377_1341_map00020_map.json	outputs\bigg_prokaryote_bioemma\maps\map00020\iEcE24377_1341\summary.json
map00030	rn00030	Pentose phosphate pathway	iEcE24377_1341	Escherichia coli O139:H28 str. E24377A	built	2763	1972	58	R06837	34	24	58.62	26	11	70.27	outputs\bigg_prokaryote_bioemma\maps\map00030\iEcE24377_1341\iEcE24377_1341_map00030_map.json	outputs\bigg_prokaryote_bioemma\maps\map00030\iEcE24377_1341\summary.json
map00680	rn00680	Methane metabolism / C1 metabolism	iEcE24377_1341	Escherichia coli O139:H28 str. E24377A	built	2763	1972	104	R08323, R08328, R10397	32	72	30.77	36	50	41.86	outputs\bigg_prokaryote_bioemma\maps\map00680\iEcE24377_1341\iEcE24377_1341_map00680_map.json	outputs\bigg_prokaryote_bioemma\maps\map00680\iEcE24377_1341\summary.json
map00010	rn00010	Glycolysis / gluconeogenesis	iECED1_1282	Escherichia coli ED1a	built	2706	1929	56		41	15	73.21	21	10	67.74	outputs\bigg_prokaryote_bioemma\maps\map00010\iECED1_1282\iECED1_1282_map00010_map.json	outputs\bigg_prokaryote_bioemma\maps\map00010\iECED1_1282\summary.json
map00020	rn00020	Citrate cycle (TCA cycle)	iECED1_1282	Escherichia coli ED1a	built	2706	1929	29		23	6	79.31	13	7	65.0	outputs\bigg_prokaryote_bioemma\maps\map00020\iECED1_1282\iECED1_1282_map00020_map.json	outputs\bigg_prokaryote_bioemma\maps\map00020\iECED1_1282\summary.json
map00030	rn00030	Pentose phosphate pathway	iECED1_1282	Escherichia coli ED1a	built	2706	1929	58	R06837	34	24	58.62	26	11	70.27	outputs\bigg_prokaryote_bioemma\maps\map00030\iECED1_1282\iECED1_1282_map00030_map.json	outputs\bigg_prokaryote_bioemma\maps\map00030\iECED1_1282\summary.json
map00680	rn00680	Methane metabolism / C1 metabolism	iECED1_1282	Escherichia coli ED1a	built	2706	1929	104	R08323, R08328, R10397	32	72	30.77	36	50	41.86	outputs\bigg_prokaryote_bioemma\maps\map00680\iECED1_1282\iECED1_1282_map00680_map.json	outputs\bigg_prokaryote_bioemma\maps\map00680\iECED1_1282\summary.json
map00010	rn00010	Glycolysis / gluconeogenesis	iECH74115_1262	Escherichia coli O157:H7 str. EC4115	built	2694	1918	56		41	15	73.21	21	10	67.74	outputs\bigg_prokaryote_bioemma\maps\map00010\iECH74115_1262\iECH74115_1262_map00010_map.json	outputs\bigg_prokaryote_bioemma\maps\map00010\iECH74115_1262\summary.json
map00020	rn00020	Citrate cycle (TCA cycle)	iECH74115_1262	Escherichia coli O157:H7 str. EC4115	built	2694	1918	29		23	6	79.31	13	7	65.0	outputs\bigg_prokaryote_bioemma\maps\map00020\iECH74115_1262\iECH74115_1262_map00020_map.json	outputs\bigg_prokaryote_bioemma\maps\map00020\iECH74115_1262\summary.json
map00030	rn00030	Pentose phosphate pathway	iECH74115_1262	Escherichia coli O157:H7 str. EC4115	built	2694	1918	58	R06837	33	25	56.9	26	11	70.27	outputs\bigg_prokaryote_bioemma\maps\map00030\iECH74115_1262\iECH74115_1262_map00030_map.json	outputs\bigg_prokaryote_bioemma\maps\map00030\iECH74115_1262\summary.json
map00680	rn00680	Methane metabolism / C1 metabolism	iECH74115_1262	Escherichia coli O157:H7 str. EC4115	built	2694	1918	104	R08323, R08328, R10397	31	73	29.81	36	50	41.86	outputs\bigg_prokaryote_bioemma\maps\map00680\iECH74115_1262\iECH74115_1262_map00680_map.json	outputs\bigg_prokaryote_bioemma\maps\map00680\iECH74115_1262\summary.json
map00010	rn00010	Glycolysis / gluconeogenesis	iEcHS_1320	Escherichia coli HS	built	2753	1963	56		41	15	73.21	22	9	70.97	outputs\bigg_prokaryote_bioemma\maps\map00010\iEcHS_1320\iEcHS_1320_map00010_map.json	outputs\bigg_prokaryote_bioemma\maps\map00010\iEcHS_1320\summary.json
map00020	rn00020	Citrate cycle (TCA cycle)	iEcHS_1320	Escherichia coli HS	built	2753	1963	29		23	6	79.31	13	7	65.0	outputs\bigg_prokaryote_bioemma\maps\map00020\iEcHS_1320\iEcHS_1320_map00020_map.json	outputs\bigg_prokaryote_bioemma\maps\map00020\iEcHS_1320\summary.json
map00030	rn00030	Pentose phosphate pathway	iEcHS_1320	Escherichia coli HS	built	2753	1963	58	R06837	34	24	58.62	26	11	70.27	outputs\bigg_prokaryote_bioemma\maps\map00030\iEcHS_1320\iEcHS_1320_map00030_map.json	outputs\bigg_prokaryote_bioemma\maps\map00030\iEcHS_1320\summary.json
map00680	rn00680	Methane metabolism / C1 metabolism	iEcHS_1320	Escherichia coli HS	built	2753	1963	104	R08323, R08328, R10397	32	72	30.77	36	50	41.86	outputs\bigg_prokaryote_bioemma\maps\map00680\iEcHS_1320\iEcHS_1320_map00680_map.json	outputs\bigg_prokaryote_bioemma\maps\map00680\iEcHS_1320\summary.json
map00010	rn00010	Glycolysis / gluconeogenesis	iECIAI1_1343	Escherichia coli IAI1	built	2765	1968	56		41	15	73.21	22	9	70.97	outputs\bigg_prokaryote_bioemma\maps\map00010\iECIAI1_1343\iECIAI1_1343_map00010_map.json	outputs\bigg_prokaryote_bioemma\maps\map00010\iECIAI1_1343\summary.json
map00020	rn00020	Citrate cycle (TCA cycle)	iECIAI1_1343	Escherichia coli IAI1	built	2765	1968	29		23	6	79.31	13	7	65.0	outputs\bigg_prokaryote_bioemma\maps\map00020\iECIAI1_1343\iECIAI1_1343_map00020_map.json	outputs\bigg_prokaryote_bioemma\maps\map00020\iECIAI1_1343\summary.json
map00030	rn00030	Pentose phosphate pathway	iECIAI1_1343	Escherichia coli IAI1	built	2765	1968	58	R06837	34	24	58.62	26	11	70.27	outputs\bigg_prokaryote_bioemma\maps\map00030\iECIAI1_1343\iECIAI1_1343_map00030_map.json	outputs\bigg_prokaryote_bioemma\maps\map00030\iECIAI1_1343\summary.json
map00680	rn00680	Methane metabolism / C1 metabolism	iECIAI1_1343	Escherichia coli IAI1	built	2765	1968	104	R08323, R08328, R10397	32	72	30.77	36	50	41.86	outputs\bigg_prokaryote_bioemma\maps\map00680\iECIAI1_1343\iECIAI1_1343_map00680_map.json	outputs\bigg_prokaryote_bioemma\maps\map00680\iECIAI1_1343\summary.json
map00010	rn00010	Glycolysis / gluconeogenesis	iECIAI39_1322	Escherichia coli IAI39	built	2721	1953	56		41	15	73.21	22	9	70.97	outputs\bigg_prokaryote_bioemma\maps\map00010\iECIAI39_1322\iECIAI39_1322_map00010_map.json	outputs\bigg_prokaryote_bioemma\maps\map00010\iECIAI39_1322\summary.json
map00020	rn00020	Citrate cycle (TCA cycle)	iECIAI39_1322	Escherichia coli IAI39	built	2721	1953	29		23	6	79.31	13	7	65.0	outputs\bigg_prokaryote_bioemma\maps\map00020\iECIAI39_1322\iECIAI39_1322_map00020_map.json	outputs\bigg_prokaryote_bioemma\maps\map00020\iECIAI39_1322\summary.json
map00030	rn00030	Pentose phosphate pathway	iECIAI39_1322	Escherichia coli IAI39	built	2721	1953	58	R06837	34	24	58.62	26	11	70.27	outputs\bigg_prokaryote_bioemma\maps\map00030\iECIAI39_1322\iECIAI39_1322_map00030_map.json	outputs\bigg_prokaryote_bioemma\maps\map00030\iECIAI39_1322\summary.json
map00680	rn00680	Methane metabolism / C1 metabolism	iECIAI39_1322	Escherichia coli IAI39	built	2721	1953	104	R08323, R08328, R10397	32	72	30.77	36	50	41.86	outputs\bigg_prokaryote_bioemma\maps\map00680\iECIAI39_1322\iECIAI39_1322_map00680_map.json	outputs\bigg_prokaryote_bioemma\maps\map00680\iECIAI39_1322\summary.json
map00010	rn00010	Glycolysis / gluconeogenesis	iECNA114_1301	Escherichia coli NA114	built	2718	1927	56		41	15	73.21	21	10	67.74	outputs\bigg_prokaryote_bioemma\maps\map00010\iECNA114_1301\iECNA114_1301_map00010_map.json	outputs\bigg_prokaryote_bioemma\maps\map00010\iECNA114_1301\summary.json
map00020	rn00020	Citrate cycle (TCA cycle)	iECNA114_1301	Escherichia coli NA114	built	2718	1927	29		23	6	79.31	13	7	65.0	outputs\bigg_prokaryote_bioemma\maps\map00020\iECNA114_1301\iECNA114_1301_map00020_map.json	outputs\bigg_prokaryote_bioemma\maps\map00020\iECNA114_1301\summary.json
map00030	rn00030	Pentose phosphate pathway	iECNA114_1301	Escherichia coli NA114	built	2718	1927	58	R06837	34	24	58.62	26	11	70.27	outputs\bigg_prokaryote_bioemma\maps\map00030\iECNA114_1301\iECNA114_1301_map00030_map.json	outputs\bigg_prokaryote_bioemma\maps\map00030\iECNA114_1301\summary.json
map00680	rn00680	Methane metabolism / C1 metabolism	iECNA114_1301	Escherichia coli NA114	built	2718	1927	104	R08323, R08328, R10397	32	72	30.77	36	50	41.86	outputs\bigg_prokaryote_bioemma\maps\map00680\iECNA114_1301\iECNA114_1301_map00680_map.json	outputs\bigg_prokaryote_bioemma\maps\map00680\iECNA114_1301\summary.json
map00010	rn00010	Glycolysis / gluconeogenesis	iECO103_1326	Escherichia coli O103:H2 str. 12009	built	2758	1958	56		41	15	73.21	21	10	67.74	outputs\bigg_prokaryote_bioemma\maps\map00010\iECO103_1326\iECO103_1326_map00010_map.json	outputs\bigg_prokaryote_bioemma\maps\map00010\iECO103_1326\summary.json
map00020	rn00020	Citrate cycle (TCA cycle)	iECO103_1326	Escherichia coli O103:H2 str. 12009	built	2758	1958	29		23	6	79.31	13	7	65.0	outputs\bigg_prokaryote_bioemma\maps\map00020\iECO103_1326\iECO103_1326_map00020_map.json	outputs\bigg_prokaryote_bioemma\maps\map00020\iECO103_1326\summary.json
map00030	rn00030	Pentose phosphate pathway	iECO103_1326	Escherichia coli O103:H2 str. 12009	built	2758	1958	58	R06837	34	24	58.62	26	11	70.27	outputs\bigg_prokaryote_bioemma\maps\map00030\iECO103_1326\iECO103_1326_map00030_map.json	outputs\bigg_prokaryote_bioemma\maps\map00030\iECO103_1326\summary.json
map00680	rn00680	Methane metabolism / C1 metabolism	iECO103_1326	Escherichia coli O103:H2 str. 12009	built	2758	1958	104	R08323, R08328, R10397	32	72	30.77	36	50	41.86	outputs\bigg_prokaryote_bioemma\maps\map00680\iECO103_1326\iECO103_1326_map00680_map.json	outputs\bigg_prokaryote_bioemma\maps\map00680\iECO103_1326\summary.json
map00010	rn00010	Glycolysis / gluconeogenesis	iECO111_1330	Escherichia coli O111:H- str. 11128	built	2760	1959	56		41	15	73.21	22	9	70.97	outputs\bigg_prokaryote_bioemma\maps\map00010\iECO111_1330\iECO111_1330_map00010_map.json	outputs\bigg_prokaryote_bioemma\maps\map00010\iECO111_1330\summary.json
map00020	rn00020	Citrate cycle (TCA cycle)	iECO111_1330	Escherichia coli O111:H- str. 11128	built	2760	1959	29		23	6	79.31	13	7	65.0	outputs\bigg_prokaryote_bioemma\maps\map00020\iECO111_1330\iECO111_1330_map00020_map.json	outputs\bigg_prokaryote_bioemma\maps\map00020\iECO111_1330\summary.json
map00030	rn00030	Pentose phosphate pathway	iECO111_1330	Escherichia coli O111:H- str. 11128	built	2760	1959	58	R06837	34	24	58.62	26	11	70.27	outputs\bigg_prokaryote_bioemma\maps\map00030\iECO111_1330\iECO111_1330_map00030_map.json	outputs\bigg_prokaryote_bioemma\maps\map00030\iECO111_1330\summary.json
map00680	rn00680	Methane metabolism / C1 metabolism	iECO111_1330	Escherichia coli O111:H- str. 11128	built	2760	1959	104	R08323, R08328, R10397	32	72	30.77	36	50	41.86	outputs\bigg_prokaryote_bioemma\maps\map00680\iECO111_1330\iECO111_1330_map00680_map.json	outputs\bigg_prokaryote_bioemma\maps\map00680\iECO111_1330\summary.json
map00010	rn00010	Glycolysis / gluconeogenesis	iECO26_1355	Escherichia coli O26:H11 str. 11368	built	2780	1965	56		41	15	73.21	22	9	70.97	outputs\bigg_prokaryote_bioemma\maps\map00010\iECO26_1355\iECO26_1355_map00010_map.json	outputs\bigg_prokaryote_bioemma\maps\map00010\iECO26_1355\summary.json
map00020	rn00020	Citrate cycle (TCA cycle)	iECO26_1355	Escherichia coli O26:H11 str. 11368	built	2780	1965	29		23	6	79.31	13	7	65.0	outputs\bigg_prokaryote_bioemma\maps\map00020\iECO26_1355\iECO26_1355_map00020_map.json	outputs\bigg_prokaryote_bioemma\maps\map00020\iECO26_1355\summary.json
map00030	rn00030	Pentose phosphate pathway	iECO26_1355	Escherichia coli O26:H11 str. 11368	built	2780	1965	58	R06837	34	24	58.62	26	11	70.27	outputs\bigg_prokaryote_bioemma\maps\map00030\iECO26_1355\iECO26_1355_map00030_map.json	outputs\bigg_prokaryote_bioemma\maps\map00030\iECO26_1355\summary.json
map00680	rn00680	Methane metabolism / C1 metabolism	iECO26_1355	Escherichia coli O26:H11 str. 11368	built	2780	1965	104	R08323, R08328, R10397	32	72	30.77	36	50	41.86	outputs\bigg_prokaryote_bioemma\maps\map00680\iECO26_1355\iECO26_1355_map00680_map.json	outputs\bigg_prokaryote_bioemma\maps\map00680\iECO26_1355\summary.json
map00010	rn00010	Glycolysis / gluconeogenesis	iECOK1_1307	Escherichia coli IHE3034	built	2729	1941	56		41	15	73.21	22	9	70.97	outputs\bigg_prokaryote_bioemma\maps\map00010\iECOK1_1307\iECOK1_1307_map00010_map.json	outputs\bigg_prokaryote_bioemma\maps\map00010\iECOK1_1307\summary.json
map00020	rn00020	Citrate cycle (TCA cycle)	iECOK1_1307	Escherichia coli IHE3034	built	2729	1941	29		23	6	79.31	13	7	65.0	outputs\bigg_prokaryote_bioemma\maps\map00020\iECOK1_1307\iECOK1_1307_map00020_map.json	outputs\bigg_prokaryote_bioemma\maps\map00020\iECOK1_1307\summary.json
map00030	rn00030	Pentose phosphate pathway	iECOK1_1307	Escherichia coli IHE3034	built	2729	1941	58	R06837	34	24	58.62	26	11	70.27	outputs\bigg_prokaryote_bioemma\maps\map00030\iECOK1_1307\iECOK1_1307_map00030_map.json	outputs\bigg_prokaryote_bioemma\maps\map00030\iECOK1_1307\summary.json
map00680	rn00680	Methane metabolism / C1 metabolism	iECOK1_1307	Escherichia coli IHE3034	built	2729	1941	104	R08323, R08328, R10397	32	72	30.77	36	50	41.86	outputs\bigg_prokaryote_bioemma\maps\map00680\iECOK1_1307\iECOK1_1307_map00680_map.json	outputs\bigg_prokaryote_bioemma\maps\map00680\iECOK1_1307\summary.json
map00010	rn00010	Glycolysis / gluconeogenesis	iEcolC_1368	Escherichia coli ATCC 8739	built	2768	1969	56		41	15	73.21	21	10	67.74	outputs\bigg_prokaryote_bioemma\maps\map00010\iEcolC_1368\iEcolC_1368_map00010_map.json	outputs\bigg_prokaryote_bioemma\maps\map00010\iEcolC_1368\summary.json
map00020	rn00020	Citrate cycle (TCA cycle)	iEcolC_1368	Escherichia coli ATCC 8739	built	2768	1969	29		23	6	79.31	13	7	65.0	outputs\bigg_prokaryote_bioemma\maps\map00020\iEcolC_1368\iEcolC_1368_map00020_map.json	outputs\bigg_prokaryote_bioemma\maps\map00020\iEcolC_1368\summary.json
map00030	rn00030	Pentose phosphate pathway	iEcolC_1368	Escherichia coli ATCC 8739	built	2768	1969	58	R06837	34	24	58.62	26	11	70.27	outputs\bigg_prokaryote_bioemma\maps\map00030\iEcolC_1368\iEcolC_1368_map00030_map.json	outputs\bigg_prokaryote_bioemma\maps\map00030\iEcolC_1368\summary.json
map00680	rn00680	Methane metabolism / C1 metabolism	iEcolC_1368	Escherichia coli ATCC 8739	built	2768	1969	104	R08323, R08328, R10397	32	72	30.77	36	50	41.86	outputs\bigg_prokaryote_bioemma\maps\map00680\iEcolC_1368\iEcolC_1368_map00680_map.json	outputs\bigg_prokaryote_bioemma\maps\map00680\iEcolC_1368\summary.json
map00010	rn00010	Glycolysis / gluconeogenesis	iECP_1309	Escherichia coli 536	built	2739	1941	56		41	15	73.21	21	10	67.74	outputs\bigg_prokaryote_bioemma\maps\map00010\iECP_1309\iECP_1309_map00010_map.json	outputs\bigg_prokaryote_bioemma\maps\map00010\iECP_1309\summary.json
map00020	rn00020	Citrate cycle (TCA cycle)	iECP_1309	Escherichia coli 536	built	2739	1941	29		23	6	79.31	13	7	65.0	outputs\bigg_prokaryote_bioemma\maps\map00020\iECP_1309\iECP_1309_map00020_map.json	outputs\bigg_prokaryote_bioemma\maps\map00020\iECP_1309\summary.json
map00030	rn00030	Pentose phosphate pathway	iECP_1309	Escherichia coli 536	built	2739	1941	58	R06837	34	24	58.62	26	11	70.27	outputs\bigg_prokaryote_bioemma\maps\map00030\iECP_1309\iECP_1309_map00030_map.json	outputs\bigg_prokaryote_bioemma\maps\map00030\iECP_1309\summary.json
map00680	rn00680	Methane metabolism / C1 metabolism	iECP_1309	Escherichia coli 536	built	2739	1941	104	R08323, R08328, R10397	32	72	30.77	36	50	41.86	outputs\bigg_prokaryote_bioemma\maps\map00680\iECP_1309\iECP_1309_map00680_map.json	outputs\bigg_prokaryote_bioemma\maps\map00680\iECP_1309\summary.json
map00010	rn00010	Glycolysis / gluconeogenesis	iECS88_1305	Escherichia coli S88	built	2729	1942	56		41	15	73.21	22	9	70.97	outputs\bigg_prokaryote_bioemma\maps\map00010\iECS88_1305\iECS88_1305_map00010_map.json	outputs\bigg_prokaryote_bioemma\maps\map00010\iECS88_1305\summary.json
map00020	rn00020	Citrate cycle (TCA cycle)	iECS88_1305	Escherichia coli S88	built	2729	1942	29		23	6	79.31	13	7	65.0	outputs\bigg_prokaryote_bioemma\maps\map00020\iECS88_1305\iECS88_1305_map00020_map.json	outputs\bigg_prokaryote_bioemma\maps\map00020\iECS88_1305\summary.json
map00030	rn00030	Pentose phosphate pathway	iECS88_1305	Escherichia coli S88	built	2729	1942	58	R06837	34	24	58.62	26	11	70.27	outputs\bigg_prokaryote_bioemma\maps\map00030\iECS88_1305\iECS88_1305_map00030_map.json	outputs\bigg_prokaryote_bioemma\maps\map00030\iECS88_1305\summary.json
map00680	rn00680	Methane metabolism / C1 metabolism	iECS88_1305	Escherichia coli S88	built	2729	1942	104	R08323, R08328, R10397	32	72	30.77	36	50	41.86	outputs\bigg_prokaryote_bioemma\maps\map00680\iECS88_1305\iECS88_1305_map00680_map.json	outputs\bigg_prokaryote_bioemma\maps\map00680\iECS88_1305\summary.json
map00010	rn00010	Glycolysis / gluconeogenesis	iECs_1301	Escherichia coli O157:H7 str. Sakai	built	2720	1923	56		41	15	73.21	21	10	67.74	outputs\bigg_prokaryote_bioemma\maps\map00010\iECs_1301\iECs_1301_map00010_map.json	outputs\bigg_prokaryote_bioemma\maps\map00010\iECs_1301\summary.json
map00020	rn00020	Citrate cycle (TCA cycle)	iECs_1301	Escherichia coli O157:H7 str. Sakai	built	2720	1923	29		23	6	79.31	13	7	65.0	outputs\bigg_prokaryote_bioemma\maps\map00020\iECs_1301\iECs_1301_map00020_map.json	outputs\bigg_prokaryote_bioemma\maps\map00020\iECs_1301\summary.json
map00030	rn00030	Pentose phosphate pathway	iECs_1301	Escherichia coli O157:H7 str. Sakai	built	2720	1923	58	R06837	33	25	56.9	26	11	70.27	outputs\bigg_prokaryote_bioemma\maps\map00030\iECs_1301\iECs_1301_map00030_map.json	outputs\bigg_prokaryote_bioemma\maps\map00030\iECs_1301\summary.json
map00680	rn00680	Methane metabolism / C1 metabolism	iECs_1301	Escherichia coli O157:H7 str. Sakai	built	2720	1923	104	R08323, R08328, R10397	32	72	30.77	36	50	41.86	outputs\bigg_prokaryote_bioemma\maps\map00680\iECs_1301\iECs_1301_map00680_map.json	outputs\bigg_prokaryote_bioemma\maps\map00680\iECs_1301\summary.json
map00010	rn00010	Glycolysis / gluconeogenesis	iECSE_1348	Escherichia coli SE11	built	2768	1957	56		41	15	73.21	22	9	70.97	outputs\bigg_prokaryote_bioemma\maps\map00010\iECSE_1348\iECSE_1348_map00010_map.json	outputs\bigg_prokaryote_bioemma\maps\map00010\iECSE_1348\summary.json
map00020	rn00020	Citrate cycle (TCA cycle)	iECSE_1348	Escherichia coli SE11	built	2768	1957	29		23	6	79.31	13	7	65.0	outputs\bigg_prokaryote_bioemma\maps\map00020\iECSE_1348\iECSE_1348_map00020_map.json	outputs\bigg_prokaryote_bioemma\maps\map00020\iECSE_1348\summary.json
map00030	rn00030	Pentose phosphate pathway	iECSE_1348	Escherichia coli SE11	built	2768	1957	58	R06837	34	24	58.62	26	11	70.27	outputs\bigg_prokaryote_bioemma\maps\map00030\iECSE_1348\iECSE_1348_map00030_map.json	outputs\bigg_prokaryote_bioemma\maps\map00030\iECSE_1348\summary.json
map00680	rn00680	Methane metabolism / C1 metabolism	iECSE_1348	Escherichia coli SE11	built	2768	1957	104	R08323, R08328, R10397	32	72	30.77	36	50	41.86	outputs\bigg_prokaryote_bioemma\maps\map00680\iECSE_1348\iECSE_1348_map00680_map.json	outputs\bigg_prokaryote_bioemma\maps\map00680\iECSE_1348\summary.json
map00010	rn00010	Glycolysis / gluconeogenesis	iECSF_1327	Escherichia coli SE15	built	2742	1951	56		41	15	73.21	21	10	67.74	outputs\bigg_prokaryote_bioemma\maps\map00010\iECSF_1327\iECSF_1327_map00010_map.json	outputs\bigg_prokaryote_bioemma\maps\map00010\iECSF_1327\summary.json
map00020	rn00020	Citrate cycle (TCA cycle)	iECSF_1327	Escherichia coli SE15	built	2742	1951	29		23	6	79.31	13	7	65.0	outputs\bigg_prokaryote_bioemma\maps\map00020\iECSF_1327\iECSF_1327_map00020_map.json	outputs\bigg_prokaryote_bioemma\maps\map00020\iECSF_1327\summary.json
map00030	rn00030	Pentose phosphate pathway	iECSF_1327	Escherichia coli SE15	built	2742	1951	58	R06837	34	24	58.62	26	11	70.27	outputs\bigg_prokaryote_bioemma\maps\map00030\iECSF_1327\iECSF_1327_map00030_map.json	outputs\bigg_prokaryote_bioemma\maps\map00030\iECSF_1327\summary.json
map00680	rn00680	Methane metabolism / C1 metabolism	iECSF_1327	Escherichia coli SE15	built	2742	1951	104	R08323, R08328, R10397	32	72	30.77	36	50	41.86	outputs\bigg_prokaryote_bioemma\maps\map00680\iECSF_1327\iECSF_1327_map00680_map.json	outputs\bigg_prokaryote_bioemma\maps\map00680\iECSF_1327\summary.json
map00010	rn00010	Glycolysis / gluconeogenesis	iEcSMS35_1347	Escherichia coli SMS-3-5	built	2746	1947	56		41	15	73.21	22	9	70.97	outputs\bigg_prokaryote_bioemma\maps\map00010\iEcSMS35_1347\iEcSMS35_1347_map00010_map.json	outputs\bigg_prokaryote_bioemma\maps\map00010\iEcSMS35_1347\summary.json
map00020	rn00020	Citrate cycle (TCA cycle)	iEcSMS35_1347	Escherichia coli SMS-3-5	built	2746	1947	29		23	6	79.31	13	7	65.0	outputs\bigg_prokaryote_bioemma\maps\map00020\iEcSMS35_1347\iEcSMS35_1347_map00020_map.json	outputs\bigg_prokaryote_bioemma\maps\map00020\iEcSMS35_1347\summary.json
map00030	rn00030	Pentose phosphate pathway	iEcSMS35_1347	Escherichia coli SMS-3-5	built	2746	1947	58	R06837	34	24	58.62	26	11	70.27	outputs\bigg_prokaryote_bioemma\maps\map00030\iEcSMS35_1347\iEcSMS35_1347_map00030_map.json	outputs\bigg_prokaryote_bioemma\maps\map00030\iEcSMS35_1347\summary.json
map00680	rn00680	Methane metabolism / C1 metabolism	iEcSMS35_1347	Escherichia coli SMS-3-5	built	2746	1947	104	R08323, R08328, R10397	32	72	30.77	36	50	41.86	outputs\bigg_prokaryote_bioemma\maps\map00680\iEcSMS35_1347\iEcSMS35_1347_map00680_map.json	outputs\bigg_prokaryote_bioemma\maps\map00680\iEcSMS35_1347\summary.json
map00010	rn00010	Glycolysis / gluconeogenesis	iECSP_1301	Escherichia coli O157:H7 str. TW14359	built	2712	1920	56		41	15	73.21	21	10	67.74	outputs\bigg_prokaryote_bioemma\maps\map00010\iECSP_1301\iECSP_1301_map00010_map.json	outputs\bigg_prokaryote_bioemma\maps\map00010\iECSP_1301\summary.json
map00020	rn00020	Citrate cycle (TCA cycle)	iECSP_1301	Escherichia coli O157:H7 str. TW14359	built	2712	1920	29		23	6	79.31	13	7	65.0	outputs\bigg_prokaryote_bioemma\maps\map00020\iECSP_1301\iECSP_1301_map00020_map.json	outputs\bigg_prokaryote_bioemma\maps\map00020\iECSP_1301\summary.json
map00030	rn00030	Pentose phosphate pathway	iECSP_1301	Escherichia coli O157:H7 str. TW14359	built	2712	1920	58	R06837	33	25	56.9	26	11	70.27	outputs\bigg_prokaryote_bioemma\maps\map00030\iECSP_1301\iECSP_1301_map00030_map.json	outputs\bigg_prokaryote_bioemma\maps\map00030\iECSP_1301\summary.json
map00680	rn00680	Methane metabolism / C1 metabolism	iECSP_1301	Escherichia coli O157:H7 str. TW14359	built	2712	1920	104	R08323, R08328, R10397	32	72	30.77	36	50	41.86	outputs\bigg_prokaryote_bioemma\maps\map00680\iECSP_1301\iECSP_1301_map00680_map.json	outputs\bigg_prokaryote_bioemma\maps\map00680\iECSP_1301\summary.json
map00010	rn00010	Glycolysis / gluconeogenesis	iECUMN_1333	Escherichia coli UMN026	built	2740	1935	56		41	15	73.21	21	10	67.74	outputs\bigg_prokaryote_bioemma\maps\map00010\iECUMN_1333\iECUMN_1333_map00010_map.json	outputs\bigg_prokaryote_bioemma\maps\map00010\iECUMN_1333\summary.json
map00020	rn00020	Citrate cycle (TCA cycle)	iECUMN_1333	Escherichia coli UMN026	built	2740	1935	29		23	6	79.31	13	7	65.0	outputs\bigg_prokaryote_bioemma\maps\map00020\iECUMN_1333\iECUMN_1333_map00020_map.json	outputs\bigg_prokaryote_bioemma\maps\map00020\iECUMN_1333\summary.json
map00030	rn00030	Pentose phosphate pathway	iECUMN_1333	Escherichia coli UMN026	built	2740	1935	58	R06837	34	24	58.62	26	11	70.27	outputs\bigg_prokaryote_bioemma\maps\map00030\iECUMN_1333\iECUMN_1333_map00030_map.json	outputs\bigg_prokaryote_bioemma\maps\map00030\iECUMN_1333\summary.json
map00680	rn00680	Methane metabolism / C1 metabolism	iECUMN_1333	Escherichia coli UMN026	built	2740	1935	104	R08323, R08328, R10397	32	72	30.77	36	50	41.86	outputs\bigg_prokaryote_bioemma\maps\map00680\iECUMN_1333\iECUMN_1333_map00680_map.json	outputs\bigg_prokaryote_bioemma\maps\map00680\iECUMN_1333\summary.json
map00010	rn00010	Glycolysis / gluconeogenesis	iECW_1372	Escherichia coli W	built	2782	1973	56		41	15	73.21	22	9	70.97	outputs\bigg_prokaryote_bioemma\maps\map00010\iECW_1372\iECW_1372_map00010_map.json	outputs\bigg_prokaryote_bioemma\maps\map00010\iECW_1372\summary.json
map00020	rn00020	Citrate cycle (TCA cycle)	iECW_1372	Escherichia coli W	built	2782	1973	29		23	6	79.31	13	7	65.0	outputs\bigg_prokaryote_bioemma\maps\map00020\iECW_1372\iECW_1372_map00020_map.json	outputs\bigg_prokaryote_bioemma\maps\map00020\iECW_1372\summary.json
map00030	rn00030	Pentose phosphate pathway	iECW_1372	Escherichia coli W	built	2782	1973	58	R06837	34	24	58.62	26	11	70.27	outputs\bigg_prokaryote_bioemma\maps\map00030\iECW_1372\iECW_1372_map00030_map.json	outputs\bigg_prokaryote_bioemma\maps\map00030\iECW_1372\summary.json
map00680	rn00680	Methane metabolism / C1 metabolism	iECW_1372	Escherichia coli W	built	2782	1973	104	R08323, R08328, R10397	32	72	30.77	36	50	41.86	outputs\bigg_prokaryote_bioemma\maps\map00680\iECW_1372\iECW_1372_map00680_map.json	outputs\bigg_prokaryote_bioemma\maps\map00680\iECW_1372\summary.json
map00010	rn00010	Glycolysis / gluconeogenesis	iEKO11_1354	Escherichia coli KO11FL	built	2778	1972	56		41	15	73.21	22	9	70.97	outputs\bigg_prokaryote_bioemma\maps\map00010\iEKO11_1354\iEKO11_1354_map00010_map.json	outputs\bigg_prokaryote_bioemma\maps\map00010\iEKO11_1354\summary.json
map00020	rn00020	Citrate cycle (TCA cycle)	iEKO11_1354	Escherichia coli KO11FL	built	2778	1972	29		23	6	79.31	13	7	65.0	outputs\bigg_prokaryote_bioemma\maps\map00020\iEKO11_1354\iEKO11_1354_map00020_map.json	outputs\bigg_prokaryote_bioemma\maps\map00020\iEKO11_1354\summary.json
map00030	rn00030	Pentose phosphate pathway	iEKO11_1354	Escherichia coli KO11FL	built	2778	1972	58	R06837	32	26	55.17	26	11	70.27	outputs\bigg_prokaryote_bioemma\maps\map00030\iEKO11_1354\iEKO11_1354_map00030_map.json	outputs\bigg_prokaryote_bioemma\maps\map00030\iEKO11_1354\summary.json
map00680	rn00680	Methane metabolism / C1 metabolism	iEKO11_1354	Escherichia coli KO11FL	built	2778	1972	104	R08323, R08328, R10397	32	72	30.77	36	50	41.86	outputs\bigg_prokaryote_bioemma\maps\map00680\iEKO11_1354\iEKO11_1354_map00680_map.json	outputs\bigg_prokaryote_bioemma\maps\map00680\iEKO11_1354\summary.json
map00010	rn00010	Glycolysis / gluconeogenesis	iETEC_1333	Escherichia coli ETEC H10407	built	2756	1962	56		41	15	73.21	21	10	67.74	outputs\bigg_prokaryote_bioemma\maps\map00010\iETEC_1333\iETEC_1333_map00010_map.json	outputs\bigg_prokaryote_bioemma\maps\map00010\iETEC_1333\summary.json
map00020	rn00020	Citrate cycle (TCA cycle)	iETEC_1333	Escherichia coli ETEC H10407	built	2756	1962	29		23	6	79.31	13	7	65.0	outputs\bigg_prokaryote_bioemma\maps\map00020\iETEC_1333\iETEC_1333_map00020_map.json	outputs\bigg_prokaryote_bioemma\maps\map00020\iETEC_1333\summary.json
map00030	rn00030	Pentose phosphate pathway	iETEC_1333	Escherichia coli ETEC H10407	built	2756	1962	58	R06837	34	24	58.62	26	11	70.27	outputs\bigg_prokaryote_bioemma\maps\map00030\iETEC_1333\iETEC_1333_map00030_map.json	outputs\bigg_prokaryote_bioemma\maps\map00030\iETEC_1333\summary.json
map00680	rn00680	Methane metabolism / C1 metabolism	iETEC_1333	Escherichia coli ETEC H10407	built	2756	1962	104	R08323, R08328, R10397	32	72	30.77	36	50	41.86	outputs\bigg_prokaryote_bioemma\maps\map00680\iETEC_1333\iETEC_1333_map00680_map.json	outputs\bigg_prokaryote_bioemma\maps\map00680\iETEC_1333\summary.json
map00010	rn00010	Glycolysis / gluconeogenesis	iG2583_1286	Escherichia coli O55:H7 str. CB9615	built	2704	1919	56		41	15	73.21	21	10	67.74	outputs\bigg_prokaryote_bioemma\maps\map00010\iG2583_1286\iG2583_1286_map00010_map.json	outputs\bigg_prokaryote_bioemma\maps\map00010\iG2583_1286\summary.json
map00020	rn00020	Citrate cycle (TCA cycle)	iG2583_1286	Escherichia coli O55:H7 str. CB9615	built	2704	1919	29		23	6	79.31	13	7	65.0	outputs\bigg_prokaryote_bioemma\maps\map00020\iG2583_1286\iG2583_1286_map00020_map.json	outputs\bigg_prokaryote_bioemma\maps\map00020\iG2583_1286\summary.json
map00030	rn00030	Pentose phosphate pathway	iG2583_1286	Escherichia coli O55:H7 str. CB9615	built	2704	1919	58	R06837	33	25	56.9	26	11	70.27	outputs\bigg_prokaryote_bioemma\maps\map00030\iG2583_1286\iG2583_1286_map00030_map.json	outputs\bigg_prokaryote_bioemma\maps\map00030\iG2583_1286\summary.json
map00680	rn00680	Methane metabolism / C1 metabolism	iG2583_1286	Escherichia coli O55:H7 str. CB9615	built	2704	1919	104	R08323, R08328, R10397	31	73	29.81	36	50	41.86	outputs\bigg_prokaryote_bioemma\maps\map00680\iG2583_1286\iG2583_1286_map00680_map.json	outputs\bigg_prokaryote_bioemma\maps\map00680\iG2583_1286\summary.json
map00010	rn00010	Glycolysis / gluconeogenesis	iJO1366	Escherichia coli str. K-12 substr. MG1655	built	2583	1805	56		40	16	71.43	20	11	64.52	outputs\bigg_prokaryote_bioemma\maps\map00010\iJO1366\iJO1366_map00010_map.json	outputs\bigg_prokaryote_bioemma\maps\map00010\iJO1366\summary.json
map00020	rn00020	Citrate cycle (TCA cycle)	iJO1366	Escherichia coli str. K-12 substr. MG1655	built	2583	1805	29		22	7	75.86	13	7	65.0	outputs\bigg_prokaryote_bioemma\maps\map00020\iJO1366\iJO1366_map00020_map.json	outputs\bigg_prokaryote_bioemma\maps\map00020\iJO1366\summary.json
map00030	rn00030	Pentose phosphate pathway	iJO1366	Escherichia coli str. K-12 substr. MG1655	built	2583	1805	58	R06837	34	24	58.62	25	12	67.57	outputs\bigg_prokaryote_bioemma\maps\map00030\iJO1366\iJO1366_map00030_map.json	outputs\bigg_prokaryote_bioemma\maps\map00030\iJO1366\summary.json
map00680	rn00680	Methane metabolism / C1 metabolism	iJO1366	Escherichia coli str. K-12 substr. MG1655	built	2583	1805	104	R08323, R08328, R10397	31	73	29.81	36	50	41.86	outputs\bigg_prokaryote_bioemma\maps\map00680\iJO1366\iJO1366_map00680_map.json	outputs\bigg_prokaryote_bioemma\maps\map00680\iJO1366\summary.json
map00010	rn00010	Glycolysis / gluconeogenesis	iJR904	Escherichia coli str. K-12 substr. MG1655	built	1075	761	56		37	19	66.07	19	12	61.29	outputs\bigg_prokaryote_bioemma\maps\map00010\iJR904\iJR904_map00010_map.json	outputs\bigg_prokaryote_bioemma\maps\map00010\iJR904\summary.json
map00020	rn00020	Citrate cycle (TCA cycle)	iJR904	Escherichia coli str. K-12 substr. MG1655	built	1075	761	29		22	7	75.86	12	8	60.0	outputs\bigg_prokaryote_bioemma\maps\map00020\iJR904\iJR904_map00020_map.json	outputs\bigg_prokaryote_bioemma\maps\map00020\iJR904\summary.json
map00030	rn00030	Pentose phosphate pathway	iJR904	Escherichia coli str. K-12 substr. MG1655	built	1075	761	58	R06837	32	26	55.17	25	12	67.57	outputs\bigg_prokaryote_bioemma\maps\map00030\iJR904\iJR904_map00030_map.json	outputs\bigg_prokaryote_bioemma\maps\map00030\iJR904\summary.json
map00680	rn00680	Methane metabolism / C1 metabolism	iJR904	Escherichia coli str. K-12 substr. MG1655	built	1075	761	104	R08323, R08328, R10397	28	76	26.92	31	55	36.05	outputs\bigg_prokaryote_bioemma\maps\map00680\iJR904\iJR904_map00680_map.json	outputs\bigg_prokaryote_bioemma\maps\map00680\iJR904\summary.json
map00010	rn00010	Glycolysis / gluconeogenesis	iLF82_1304	Escherichia coli LF82	built	2726	1938	56		41	15	73.21	22	9	70.97	outputs\bigg_prokaryote_bioemma\maps\map00010\iLF82_1304\iLF82_1304_map00010_map.json	outputs\bigg_prokaryote_bioemma\maps\map00010\iLF82_1304\summary.json
map00020	rn00020	Citrate cycle (TCA cycle)	iLF82_1304	Escherichia coli LF82	built	2726	1938	29		23	6	79.31	13	7	65.0	outputs\bigg_prokaryote_bioemma\maps\map00020\iLF82_1304\iLF82_1304_map00020_map.json	outputs\bigg_prokaryote_bioemma\maps\map00020\iLF82_1304\summary.json
map00030	rn00030	Pentose phosphate pathway	iLF82_1304	Escherichia coli LF82	built	2726	1938	58	R06837	34	24	58.62	26	11	70.27	outputs\bigg_prokaryote_bioemma\maps\map00030\iLF82_1304\iLF82_1304_map00030_map.json	outputs\bigg_prokaryote_bioemma\maps\map00030\iLF82_1304\summary.json
map00680	rn00680	Methane metabolism / C1 metabolism	iLF82_1304	Escherichia coli LF82	built	2726	1938	104	R08323, R08328, R10397	32	72	30.77	36	50	41.86	outputs\bigg_prokaryote_bioemma\maps\map00680\iLF82_1304\iLF82_1304_map00680_map.json	outputs\bigg_prokaryote_bioemma\maps\map00680\iLF82_1304\summary.json
map00010	rn00010	Glycolysis / gluconeogenesis	iML1515	Escherichia coli str. K-12 substr. MG1655	built	2712	1877	56		40	16	71.43	20	11	64.52	outputs\bigg_prokaryote_bioemma\maps\map00010\iML1515\iML1515_map00010_map.json	outputs\bigg_prokaryote_bioemma\maps\map00010\iML1515\summary.json
map00020	rn00020	Citrate cycle (TCA cycle)	iML1515	Escherichia coli str. K-12 substr. MG1655	built	2712	1877	29		22	7	75.86	13	7	65.0	outputs\bigg_prokaryote_bioemma\maps\map00020\iML1515\iML1515_map00020_map.json	outputs\bigg_prokaryote_bioemma\maps\map00020\iML1515\summary.json
map00030	rn00030	Pentose phosphate pathway	iML1515	Escherichia coli str. K-12 substr. MG1655	built	2712	1877	58	R06837	34	24	58.62	25	12	67.57	outputs\bigg_prokaryote_bioemma\maps\map00030\iML1515\iML1515_map00030_map.json	outputs\bigg_prokaryote_bioemma\maps\map00030\iML1515\summary.json
map00680	rn00680	Methane metabolism / C1 metabolism	iML1515	Escherichia coli str. K-12 substr. MG1655	built	2712	1877	104	R08323, R08328, R10397	31	73	29.81	37	49	43.02	outputs\bigg_prokaryote_bioemma\maps\map00680\iML1515\iML1515_map00680_map.json	outputs\bigg_prokaryote_bioemma\maps\map00680\iML1515\summary.json
map00010	rn00010	Glycolysis / gluconeogenesis	iNRG857_1313	Escherichia coli O83:H1 str. NRG 857C	built	2735	1943	56		41	15	73.21	22	9	70.97	outputs\bigg_prokaryote_bioemma\maps\map00010\iNRG857_1313\iNRG857_1313_map00010_map.json	outputs\bigg_prokaryote_bioemma\maps\map00010\iNRG857_1313\summary.json
map00020	rn00020	Citrate cycle (TCA cycle)	iNRG857_1313	Escherichia coli O83:H1 str. NRG 857C	built	2735	1943	29		23	6	79.31	13	7	65.0	outputs\bigg_prokaryote_bioemma\maps\map00020\iNRG857_1313\iNRG857_1313_map00020_map.json	outputs\bigg_prokaryote_bioemma\maps\map00020\iNRG857_1313\summary.json
map00030	rn00030	Pentose phosphate pathway	iNRG857_1313	Escherichia coli O83:H1 str. NRG 857C	built	2735	1943	58	R06837	34	24	58.62	26	11	70.27	outputs\bigg_prokaryote_bioemma\maps\map00030\iNRG857_1313\iNRG857_1313_map00030_map.json	outputs\bigg_prokaryote_bioemma\maps\map00030\iNRG857_1313\summary.json
map00680	rn00680	Methane metabolism / C1 metabolism	iNRG857_1313	Escherichia coli O83:H1 str. NRG 857C	built	2735	1943	104	R08323, R08328, R10397	32	72	30.77	36	50	41.86	outputs\bigg_prokaryote_bioemma\maps\map00680\iNRG857_1313\iNRG857_1313_map00680_map.json	outputs\bigg_prokaryote_bioemma\maps\map00680\iNRG857_1313\summary.json
map00010	rn00010	Glycolysis / gluconeogenesis	iUMN146_1321	Escherichia coli UM146	built	2735	1942	56		41	15	73.21	22	9	70.97	outputs\bigg_prokaryote_bioemma\maps\map00010\iUMN146_1321\iUMN146_1321_map00010_map.json	outputs\bigg_prokaryote_bioemma\maps\map00010\iUMN146_1321\summary.json
map00020	rn00020	Citrate cycle (TCA cycle)	iUMN146_1321	Escherichia coli UM146	built	2735	1942	29		23	6	79.31	13	7	65.0	outputs\bigg_prokaryote_bioemma\maps\map00020\iUMN146_1321\iUMN146_1321_map00020_map.json	outputs\bigg_prokaryote_bioemma\maps\map00020\iUMN146_1321\summary.json
map00030	rn00030	Pentose phosphate pathway	iUMN146_1321	Escherichia coli UM146	built	2735	1942	58	R06837	34	24	58.62	26	11	70.27	outputs\bigg_prokaryote_bioemma\maps\map00030\iUMN146_1321\iUMN146_1321_map00030_map.json	outputs\bigg_prokaryote_bioemma\maps\map00030\iUMN146_1321\summary.json
map00680	rn00680	Methane metabolism / C1 metabolism	iUMN146_1321	Escherichia coli UM146	built	2735	1942	104	R08323, R08328, R10397	32	72	30.77	36	50	41.86	outputs\bigg_prokaryote_bioemma\maps\map00680\iUMN146_1321\iUMN146_1321_map00680_map.json	outputs\bigg_prokaryote_bioemma\maps\map00680\iUMN146_1321\summary.json
map00010	rn00010	Glycolysis / gluconeogenesis	iUMNK88_1353	Escherichia coli UMNK88	built	2777	1969	56		41	15	73.21	22	9	70.97	outputs\bigg_prokaryote_bioemma\maps\map00010\iUMNK88_1353\iUMNK88_1353_map00010_map.json	outputs\bigg_prokaryote_bioemma\maps\map00010\iUMNK88_1353\summary.json
map00020	rn00020	Citrate cycle (TCA cycle)	iUMNK88_1353	Escherichia coli UMNK88	built	2777	1969	29		23	6	79.31	13	7	65.0	outputs\bigg_prokaryote_bioemma\maps\map00020\iUMNK88_1353\iUMNK88_1353_map00020_map.json	outputs\bigg_prokaryote_bioemma\maps\map00020\iUMNK88_1353\summary.json
map00030	rn00030	Pentose phosphate pathway	iUMNK88_1353	Escherichia coli UMNK88	built	2777	1969	58	R06837	34	24	58.62	26	11	70.27	outputs\bigg_prokaryote_bioemma\maps\map00030\iUMNK88_1353\iUMNK88_1353_map00030_map.json	outputs\bigg_prokaryote_bioemma\maps\map00030\iUMNK88_1353\summary.json
map00680	rn00680	Methane metabolism / C1 metabolism	iUMNK88_1353	Escherichia coli UMNK88	built	2777	1969	104	R08323, R08328, R10397	32	72	30.77	36	50	41.86	outputs\bigg_prokaryote_bioemma\maps\map00680\iUMNK88_1353\iUMNK88_1353_map00680_map.json	outputs\bigg_prokaryote_bioemma\maps\map00680\iUMNK88_1353\summary.json
map00010	rn00010	Glycolysis / gluconeogenesis	iUTI89_1310	Escherichia coli UTI89	built	2725	1940	56		41	15	73.21	22	9	70.97	outputs\bigg_prokaryote_bioemma\maps\map00010\iUTI89_1310\iUTI89_1310_map00010_map.json	outputs\bigg_prokaryote_bioemma\maps\map00010\iUTI89_1310\summary.json
map00020	rn00020	Citrate cycle (TCA cycle)	iUTI89_1310	Escherichia coli UTI89	built	2725	1940	29		23	6	79.31	13	7	65.0	outputs\bigg_prokaryote_bioemma\maps\map00020\iUTI89_1310\iUTI89_1310_map00020_map.json	outputs\bigg_prokaryote_bioemma\maps\map00020\iUTI89_1310\summary.json
map00030	rn00030	Pentose phosphate pathway	iUTI89_1310	Escherichia coli UTI89	built	2725	1940	58	R06837	34	24	58.62	26	11	70.27	outputs\bigg_prokaryote_bioemma\maps\map00030\iUTI89_1310\iUTI89_1310_map00030_map.json	outputs\bigg_prokaryote_bioemma\maps\map00030\iUTI89_1310\summary.json
map00680	rn00680	Methane metabolism / C1 metabolism	iUTI89_1310	Escherichia coli UTI89	built	2725	1940	104	R08323, R08328, R10397	32	72	30.77	36	50	41.86	outputs\bigg_prokaryote_bioemma\maps\map00680\iUTI89_1310\iUTI89_1310_map00680_map.json	outputs\bigg_prokaryote_bioemma\maps\map00680\iUTI89_1310\summary.json
map00010	rn00010	Glycolysis / gluconeogenesis	iWFL_1372	Escherichia coli W	built	2782	1973	56		41	15	73.21	22	9	70.97	outputs\bigg_prokaryote_bioemma\maps\map00010\iWFL_1372\iWFL_1372_map00010_map.json	outputs\bigg_prokaryote_bioemma\maps\map00010\iWFL_1372\summary.json
map00020	rn00020	Citrate cycle (TCA cycle)	iWFL_1372	Escherichia coli W	built	2782	1973	29		23	6	79.31	13	7	65.0	outputs\bigg_prokaryote_bioemma\maps\map00020\iWFL_1372\iWFL_1372_map00020_map.json	outputs\bigg_prokaryote_bioemma\maps\map00020\iWFL_1372\summary.json
map00030	rn00030	Pentose phosphate pathway	iWFL_1372	Escherichia coli W	built	2782	1973	58	R06837	34	24	58.62	26	11	70.27	outputs\bigg_prokaryote_bioemma\maps\map00030\iWFL_1372\iWFL_1372_map00030_map.json	outputs\bigg_prokaryote_bioemma\maps\map00030\iWFL_1372\summary.json
map00680	rn00680	Methane metabolism / C1 metabolism	iWFL_1372	Escherichia coli W	built	2782	1973	104	R08323, R08328, R10397	32	72	30.77	36	50	41.86	outputs\bigg_prokaryote_bioemma\maps\map00680\iWFL_1372\iWFL_1372_map00680_map.json	outputs\bigg_prokaryote_bioemma\maps\map00680\iWFL_1372\summary.json
map00010	rn00010	Glycolysis / gluconeogenesis	iY75_1357	Escherichia coli str. K-12 substr. W3110	built	2759	1953	56		41	15	73.21	21	10	67.74	outputs\bigg_prokaryote_bioemma\maps\map00010\iY75_1357\iY75_1357_map00010_map.json	outputs\bigg_prokaryote_bioemma\maps\map00010\iY75_1357\summary.json
map00020	rn00020	Citrate cycle (TCA cycle)	iY75_1357	Escherichia coli str. K-12 substr. W3110	built	2759	1953	29		23	6	79.31	13	7	65.0	outputs\bigg_prokaryote_bioemma\maps\map00020\iY75_1357\iY75_1357_map00020_map.json	outputs\bigg_prokaryote_bioemma\maps\map00020\iY75_1357\summary.json
map00030	rn00030	Pentose phosphate pathway	iY75_1357	Escherichia coli str. K-12 substr. W3110	built	2759	1953	58	R06837	34	24	58.62	26	11	70.27	outputs\bigg_prokaryote_bioemma\maps\map00030\iY75_1357\iY75_1357_map00030_map.json	outputs\bigg_prokaryote_bioemma\maps\map00030\iY75_1357\summary.json
map00680	rn00680	Methane metabolism / C1 metabolism	iY75_1357	Escherichia coli str. K-12 substr. W3110	built	2759	1953	104	R08323, R08328, R10397	32	72	30.77	36	50	41.86	outputs\bigg_prokaryote_bioemma\maps\map00680\iY75_1357\iY75_1357_map00680_map.json	outputs\bigg_prokaryote_bioemma\maps\map00680\iY75_1357\summary.json
map00010	rn00010	Glycolysis / gluconeogenesis	iZ_1308	Escherichia coli O157:H7 str. EDL933	built	2721	1923	56		41	15	73.21	21	10	67.74	outputs\bigg_prokaryote_bioemma\maps\map00010\iZ_1308\iZ_1308_map00010_map.json	outputs\bigg_prokaryote_bioemma\maps\map00010\iZ_1308\summary.json
map00020	rn00020	Citrate cycle (TCA cycle)	iZ_1308	Escherichia coli O157:H7 str. EDL933	built	2721	1923	29		23	6	79.31	13	7	65.0	outputs\bigg_prokaryote_bioemma\maps\map00020\iZ_1308\iZ_1308_map00020_map.json	outputs\bigg_prokaryote_bioemma\maps\map00020\iZ_1308\summary.json
map00030	rn00030	Pentose phosphate pathway	iZ_1308	Escherichia coli O157:H7 str. EDL933	built	2721	1923	58	R06837	33	25	56.9	26	11	70.27	outputs\bigg_prokaryote_bioemma\maps\map00030\iZ_1308\iZ_1308_map00030_map.json	outputs\bigg_prokaryote_bioemma\maps\map00030\iZ_1308\summary.json
map00680	rn00680	Methane metabolism / C1 metabolism	iZ_1308	Escherichia coli O157:H7 str. EDL933	built	2721	1923	104	R08323, R08328, R10397	32	72	30.77	36	50	41.86	outputs\bigg_prokaryote_bioemma\maps\map00680\iZ_1308\iZ_1308_map00680_map.json	outputs\bigg_prokaryote_bioemma\maps\map00680\iZ_1308\summary.json
